OperationID,OperandA,OperandB,Operator,ExpectedResult,ActualResult,Status,ConfidenceLevel,RealityIntegrity,QuantumCoherence,TemporalStability,UniverseID
ABYSS-001,1,1,+,2,2,VERIFIED,100.00%,100.00%,100.00%,100.00%,42
ABYSS-002,1,1,+,2,2,VERIFIED,100.00%,100.00%,100.00%,100.00%,42
ABYSS-003,1,1,+,2,2,VERIFIED,100.00%,100.00%,100.00%,100.00%,42
ABYSS-004,1,1,+,2,2,VERIFIED,100.00%,100.00%,100.00%,100.00%,42
ABYSS-005,1,1,+,2,2,VERIFIED,100.00%,100.00%,100.00%,100.00%,42
ABYSS-006,1,1,+,2,2,VERIFIED,100.00%,100.00%,100.00%,100.00%,42
ABYSS-007,1,1,+,2,2,VERIFIED,100.00%,100.00%,100.00%,100.00%,42
ABYSS-008,1,1,+,2,2,VERIFIED,100.00%,100.00%,100.00%,100.00%,42
ABYSS-009,1,1,+,2,2,VERIFIED,100.00%,100.00%,100.00%,100.00%,42
ABYSS-010,1,1,+,2,2,VERIFIED,100.00%,100.00%,100.00%,100.00%,42
